bevy_path,category,example,mgstudio_path,status,owner,notes
bevy/examples/2d/2d_shapes.rs,2d,2d_shapes,mgstudio-engine/examples/2d/2d_shapes,Exact,team-render,
bevy/examples/2d/2d_viewport_to_world.rs,2d,2d_viewport_to_world,mgstudio-engine/examples/2d/2d_viewport_to_world,Exact,team-render,
bevy/examples/2d/bloom_2d.rs,2d,bloom_2d,mgstudio-engine/examples/2d/bloom_2d,Exact,team-render,
bevy/examples/2d/cpu_draw.rs,2d,cpu_draw,mgstudio-engine/examples/2d/cpu_draw,Exact,team-render,
bevy/examples/2d/dynamic_mip_generation.rs,2d,dynamic_mip_generation,mgstudio-engine/examples/2d/dynamic_mip_generation,Exact,team-render,
bevy/examples/2d/mesh2d.rs,2d,mesh2d,mgstudio-engine/examples/2d/mesh2d,Exact,team-render,
bevy/examples/2d/mesh2d_alpha_mode.rs,2d,mesh2d_alpha_mode,mgstudio-engine/examples/2d/mesh2d_alpha_mode,Exact,team-render,
bevy/examples/2d/mesh2d_arcs.rs,2d,mesh2d_arcs,mgstudio-engine/examples/2d/mesh2d_arcs,Exact,team-render,
bevy/examples/2d/mesh2d_manual.rs,2d,mesh2d_manual,mgstudio-engine/examples/2d/mesh2d_manual,Exact,team-render,
bevy/examples/2d/mesh2d_repeated_texture.rs,2d,mesh2d_repeated_texture,mgstudio-engine/examples/2d/mesh2d_repeated_texture,Exact,team-render,
bevy/examples/2d/mesh2d_vertex_color_texture.rs,2d,mesh2d_vertex_color_texture,mgstudio-engine/examples/2d/mesh2d_vertex_color_texture,Exact,team-render,
bevy/examples/2d/move_sprite.rs,2d,move_sprite,mgstudio-engine/examples/2d/move_sprite,Exact,team-render,
bevy/examples/2d/pixel_grid_snap.rs,2d,pixel_grid_snap,mgstudio-engine/examples/2d/pixel_grid_snap,Exact,team-render,
bevy/examples/2d/rotate_to_cursor.rs,2d,rotate_to_cursor,mgstudio-engine/examples/2d/rotate_to_cursor,Exact,team-render,
bevy/examples/2d/rotation.rs,2d,rotation,mgstudio-engine/examples/2d/rotation,Exact,team-render,
bevy/examples/2d/sprite.rs,2d,sprite,mgstudio-engine/examples/2d/sprite,Exact,team-render,
bevy/examples/2d/sprite_animation.rs,2d,sprite_animation,mgstudio-engine/examples/2d/sprite_animation,Exact,team-render,
bevy/examples/2d/sprite_flipping.rs,2d,sprite_flipping,mgstudio-engine/examples/2d/sprite_flipping,Exact,team-render,
bevy/examples/2d/sprite_scale.rs,2d,sprite_scale,mgstudio-engine/examples/2d/sprite_scale,Exact,team-render,
bevy/examples/2d/sprite_sheet.rs,2d,sprite_sheet,mgstudio-engine/examples/2d/sprite_sheet,Exact,team-render,
bevy/examples/2d/sprite_slice.rs,2d,sprite_slice,mgstudio-engine/examples/2d/sprite_slice,Exact,team-render,
bevy/examples/2d/sprite_tile.rs,2d,sprite_tile,mgstudio-engine/examples/2d/sprite_tile,Exact,team-render,
bevy/examples/2d/text2d.rs,2d,text2d,mgstudio-engine/examples/2d/text2d,Exact,team-render,
bevy/examples/2d/texture_atlas.rs,2d,texture_atlas,mgstudio-engine/examples/2d/texture_atlas,Exact,team-render,
bevy/examples/2d/tilemap_chunk.rs,2d,tilemap_chunk,mgstudio-engine/examples/2d/tilemap_chunk,Exact,team-render,
bevy/examples/2d/transparency_2d.rs,2d,transparency_2d,mgstudio-engine/examples/2d/transparency_2d,Exact,team-render,
bevy/examples/2d/wireframe_2d.rs,2d,wireframe_2d,mgstudio-engine/examples/2d/wireframe_2d,Exact,team-render,
bevy/examples/3d/3d_scene.rs,3d,3d_scene,mgstudio-engine/examples/3d/3d_scene,Exact,team-render,
bevy/examples/3d/3d_shapes.rs,3d,3d_shapes,mgstudio-engine/examples/3d/3d_shapes,Exact,team-render,
bevy/examples/3d/3d_viewport_to_world.rs,3d,3d_viewport_to_world,mgstudio-engine/examples/3d/3d_viewport_to_world,Exact,team-render,
bevy/examples/3d/animated_material.rs,3d,animated_material,mgstudio-engine/examples/3d/animated_material,Exact,team-render,
bevy/examples/3d/anisotropy.rs,3d,anisotropy,mgstudio-engine/examples/3d/anisotropy,Exact,team-render,
bevy/examples/3d/anti_aliasing.rs,3d,anti_aliasing,mgstudio-engine/examples/3d/anti_aliasing,Exact,team-render,
bevy/examples/3d/atmosphere.rs,3d,atmosphere,mgstudio-engine/examples/3d/atmosphere,Blocked,team-render,Fallback implementation exists; blocked until exact parity.
bevy/examples/3d/atmospheric_fog.rs,3d,atmospheric_fog,mgstudio-engine/examples/3d/atmospheric_fog,Exact,team-render,
bevy/examples/3d/auto_exposure.rs,3d,auto_exposure,mgstudio-engine/examples/3d/auto_exposure,Blocked,team-render,Fallback implementation exists; blocked until exact parity.
bevy/examples/3d/blend_modes.rs,3d,blend_modes,mgstudio-engine/examples/3d/blend_modes,Exact,team-render,
bevy/examples/3d/bloom_3d.rs,3d,bloom_3d,mgstudio-engine/examples/3d/bloom_3d,Exact,team-render,
bevy/examples/3d/camera_sub_view.rs,3d,camera_sub_view,mgstudio-engine/examples/3d/camera_sub_view,Exact,team-render,
bevy/examples/3d/clearcoat.rs,3d,clearcoat,mgstudio-engine/examples/3d/clearcoat,Exact,team-render,
bevy/examples/3d/clustered_decal_maps.rs,3d,clustered_decal_maps,mgstudio-engine/examples/3d/clustered_decal_maps,Blocked,team-render,Fallback implementation exists; blocked until exact parity.
bevy/examples/3d/clustered_decals.rs,3d,clustered_decals,mgstudio-engine/examples/3d/clustered_decals,Blocked,team-render,Fallback implementation exists; blocked until exact parity.
bevy/examples/3d/color_grading.rs,3d,color_grading,mgstudio-engine/examples/3d/color_grading,Blocked,team-render,Fallback implementation exists; blocked until exact parity.
bevy/examples/3d/contact_shadows.rs,3d,contact_shadows,mgstudio-engine/examples/3d/contact_shadows,Blocked,team-render,Fallback implementation exists; blocked until exact parity.
bevy/examples/3d/decal.rs,3d,decal,mgstudio-engine/examples/3d/decal,Blocked,team-render,Fallback implementation exists; blocked until exact parity.
bevy/examples/3d/deferred_rendering.rs,3d,deferred_rendering,mgstudio-engine/examples/3d/deferred_rendering,Blocked,team-render,Fallback implementation exists; blocked until exact parity.
bevy/examples/3d/depth_of_field.rs,3d,depth_of_field,mgstudio-engine/examples/3d/depth_of_field,Blocked,team-render,Fallback implementation exists; blocked until exact parity.
bevy/examples/3d/fog.rs,3d,fog,mgstudio-engine/examples/3d/fog,Blocked,team-render,Fallback implementation exists; blocked until exact parity.
bevy/examples/3d/fog_volumes.rs,3d,fog_volumes,mgstudio-engine/examples/3d/fog_volumes,Exact,team-render,
bevy/examples/3d/generate_custom_mesh.rs,3d,generate_custom_mesh,mgstudio-engine/examples/3d/generate_custom_mesh,Exact,team-render,
bevy/examples/3d/irradiance_volumes.rs,3d,irradiance_volumes,mgstudio-engine/examples/3d/irradiance_volumes,Blocked,team-render,Fallback implementation exists; blocked until exact parity.
bevy/examples/3d/light_probe_blending.rs,3d,light_probe_blending,mgstudio-engine/examples/3d/light_probe_blending,Blocked,team-render,Fallback implementation exists; blocked until exact parity.
bevy/examples/3d/light_textures.rs,3d,light_textures,mgstudio-engine/examples/3d/light_textures,Blocked,team-render,Fallback implementation exists; blocked until exact parity.
bevy/examples/3d/lighting.rs,3d,lighting,mgstudio-engine/examples/3d/lighting,Exact,team-render,
bevy/examples/3d/lightmaps.rs,3d,lightmaps,mgstudio-engine/examples/3d/lightmaps,Blocked,team-render,Fallback implementation exists; blocked until exact parity.
bevy/examples/3d/lines.rs,3d,lines,mgstudio-engine/examples/3d/lines,Exact,team-render,
bevy/examples/3d/mesh_ray_cast.rs,3d,mesh_ray_cast,mgstudio-engine/examples/3d/mesh_ray_cast,Exact,team-render,
bevy/examples/3d/meshlet.rs,3d,meshlet,mgstudio-engine/examples/3d/meshlet,Blocked,team-render,Fallback implementation exists; blocked until exact parity.
bevy/examples/3d/mirror.rs,3d,mirror,mgstudio-engine/examples/3d/mirror,Exact,team-render,
bevy/examples/3d/mixed_lighting.rs,3d,mixed_lighting,mgstudio-engine/examples/3d/mixed_lighting,Blocked,team-render,Fallback implementation exists; blocked until exact parity.
bevy/examples/3d/motion_blur.rs,3d,motion_blur,mgstudio-engine/examples/3d/motion_blur,Exact,team-render,
bevy/examples/3d/occlusion_culling.rs,3d,occlusion_culling,mgstudio-engine/examples/3d/occlusion_culling,Blocked,team-render,Fallback implementation exists; blocked until exact parity.
bevy/examples/3d/order_independent_transparency.rs,3d,order_independent_transparency,mgstudio-engine/examples/3d/order_independent_transparency,Exact,team-render,
bevy/examples/3d/orthographic.rs,3d,orthographic,mgstudio-engine/examples/3d/orthographic,Exact,team-render,
bevy/examples/3d/parallax_mapping.rs,3d,parallax_mapping,mgstudio-engine/examples/3d/parallax_mapping,Exact,team-render,
bevy/examples/3d/parenting.rs,3d,parenting,mgstudio-engine/examples/3d/parenting,Exact,team-render,
bevy/examples/3d/pbr.rs,3d,pbr,mgstudio-engine/examples/3d/pbr,Exact,team-render,
bevy/examples/3d/pccm.rs,3d,pccm,mgstudio-engine/examples/3d/pccm,Exact,team-render,
bevy/examples/3d/pcss.rs,3d,pcss,mgstudio-engine/examples/3d/pcss,Exact,team-render,
bevy/examples/3d/post_processing.rs,3d,post_processing,mgstudio-engine/examples/3d/post_processing,Exact,team-render,
bevy/examples/3d/reflection_probes.rs,3d,reflection_probes,mgstudio-engine/examples/3d/reflection_probes,Exact,team-render,
bevy/examples/3d/render_to_texture.rs,3d,render_to_texture,mgstudio-engine/examples/3d/render_to_texture,Exact,team-render,
bevy/examples/3d/rotate_environment_map.rs,3d,rotate_environment_map,mgstudio-engine/examples/3d/rotate_environment_map,Exact,team-render,
bevy/examples/3d/scrolling_fog.rs,3d,scrolling_fog,mgstudio-engine/examples/3d/scrolling_fog,Exact,team-render,
bevy/examples/3d/shadow_biases.rs,3d,shadow_biases,mgstudio-engine/examples/3d/shadow_biases,Exact,team-render,
bevy/examples/3d/shadow_caster_receiver.rs,3d,shadow_caster_receiver,mgstudio-engine/examples/3d/shadow_caster_receiver,Exact,team-render,
bevy/examples/3d/skybox.rs,3d,skybox,mgstudio-engine/examples/3d/skybox,Exact,team-render,
bevy/examples/3d/solari.rs,3d,solari,mgstudio-engine/examples/3d/solari,Blocked,team-render,Fallback implementation exists; blocked until exact parity.
bevy/examples/3d/specular_tint.rs,3d,specular_tint,mgstudio-engine/examples/3d/specular_tint,Exact,team-render,
bevy/examples/3d/spherical_area_lights.rs,3d,spherical_area_lights,mgstudio-engine/examples/3d/spherical_area_lights,Exact,team-render,
bevy/examples/3d/split_screen.rs,3d,split_screen,mgstudio-engine/examples/3d/split_screen,Exact,team-render,
bevy/examples/3d/spotlight.rs,3d,spotlight,mgstudio-engine/examples/3d/spotlight,Exact,team-render,
bevy/examples/3d/ssao.rs,3d,ssao,mgstudio-engine/examples/3d/ssao,Exact,team-render,
bevy/examples/3d/ssr.rs,3d,ssr,mgstudio-engine/examples/3d/ssr,Blocked,team-render,Fallback implementation exists; blocked until exact parity.
bevy/examples/3d/texture.rs,3d,texture,mgstudio-engine/examples/3d/texture,Exact,team-render,
bevy/examples/3d/tonemapping.rs,3d,tonemapping,mgstudio-engine/examples/3d/tonemapping,Blocked,team-render,Fallback implementation exists; blocked until exact parity.
bevy/examples/3d/transmission.rs,3d,transmission,mgstudio-engine/examples/3d/transmission,Blocked,team-render,Fallback implementation exists; blocked until exact parity.
bevy/examples/3d/transparency_3d.rs,3d,transparency_3d,mgstudio-engine/examples/3d/transparency_3d,Exact,team-render,
bevy/examples/3d/two_passes.rs,3d,two_passes,mgstudio-engine/examples/3d/two_passes,Exact,team-render,
bevy/examples/3d/vertex_colors.rs,3d,vertex_colors,mgstudio-engine/examples/3d/vertex_colors,Exact,team-render,
bevy/examples/3d/visibility_range.rs,3d,visibility_range,mgstudio-engine/examples/3d/visibility_range,Exact,team-render,
bevy/examples/3d/volumetric_fog.rs,3d,volumetric_fog,mgstudio-engine/examples/3d/volumetric_fog,Blocked,team-render,Fallback implementation exists; blocked until exact parity.
bevy/examples/3d/wireframe.rs,3d,wireframe,mgstudio-engine/examples/3d/wireframe,Exact,team-render,
bevy/examples/animation/animated_mesh.rs,animation,animated_mesh,,Blocked,team-asset_scene,
bevy/examples/animation/animated_mesh_control.rs,animation,animated_mesh_control,,Blocked,team-asset_scene,
bevy/examples/animation/animated_mesh_events.rs,animation,animated_mesh_events,,Blocked,team-asset_scene,
bevy/examples/animation/animated_transform.rs,animation,animated_transform,,Blocked,team-asset_scene,
bevy/examples/animation/animated_ui.rs,animation,animated_ui,,Blocked,team-asset_scene,
bevy/examples/animation/animation_events.rs,animation,animation_events,,Blocked,team-asset_scene,
bevy/examples/animation/animation_graph.rs,animation,animation_graph,,Blocked,team-asset_scene,
bevy/examples/animation/animation_masks.rs,animation,animation_masks,,Blocked,team-asset_scene,
bevy/examples/animation/color_animation.rs,animation,color_animation,mgstudio-engine/examples/animation/color_animation,Exact,team-asset_scene,
bevy/examples/animation/custom_skinned_mesh.rs,animation,custom_skinned_mesh,,Blocked,team-asset_scene,
bevy/examples/animation/eased_motion.rs,animation,eased_motion,,Blocked,team-asset_scene,
bevy/examples/animation/easing_functions.rs,animation,easing_functions,mgstudio-engine/examples/animation/easing_functions,Exact,team-asset_scene,
bevy/examples/animation/morph_targets.rs,animation,morph_targets,,Blocked,team-asset_scene,
bevy/examples/app/custom_loop.rs,app,custom_loop,mgstudio-engine/examples/app/custom_loop,Exact,team-core,
bevy/examples/app/drag_and_drop.rs,app,drag_and_drop,mgstudio-engine/examples/app/drag_and_drop,Exact,team-core,
bevy/examples/app/empty.rs,app,empty,mgstudio-engine/examples/app/empty,Exact,team-core,
bevy/examples/app/empty_defaults.rs,app,empty_defaults,mgstudio-engine/examples/app/empty_defaults,Exact,team-core,
bevy/examples/app/externally_driven_headless_renderer.rs,app,externally_driven_headless_renderer,mgstudio-engine/examples/app/externally_driven_headless_renderer,Exact,team-core,
bevy/examples/app/headless.rs,app,headless,mgstudio-engine/examples/app/headless,Exact,team-core,
bevy/examples/app/headless_renderer.rs,app,headless_renderer,mgstudio-engine/examples/app/headless_renderer,Exact,team-core,
bevy/examples/app/log_layers.rs,app,log_layers,mgstudio-engine/examples/app/log_layers,Exact,team-core,
bevy/examples/app/log_layers_ecs.rs,app,log_layers_ecs,mgstudio-engine/examples/app/log_layers_ecs,Exact,team-core,
bevy/examples/app/logs.rs,app,logs,mgstudio-engine/examples/app/logs,Exact,team-core,
bevy/examples/app/no_renderer.rs,app,no_renderer,mgstudio-engine/examples/app/no_renderer,Exact,team-core,
bevy/examples/app/plugin.rs,app,plugin,mgstudio-engine/examples/app/plugin,Exact,team-core,
bevy/examples/app/plugin_group.rs,app,plugin_group,mgstudio-engine/examples/app/plugin_group,Exact,team-core,
bevy/examples/app/render_recovery.rs,app,render_recovery,mgstudio-engine/examples/app/render_recovery,Exact,team-core,
bevy/examples/app/return_after_run.rs,app,return_after_run,mgstudio-engine/examples/app/return_after_run,Exact,team-core,
bevy/examples/app/thread_pool_resources.rs,app,thread_pool_resources,mgstudio-engine/examples/app/thread_pool_resources,Exact,team-core,
bevy/examples/app/without_winit.rs,app,without_winit,mgstudio-engine/examples/app/without_winit,Exact,team-core,
bevy/examples/asset/alter_mesh.rs,asset,alter_mesh,,Blocked,team-asset_scene,
bevy/examples/asset/alter_sprite.rs,asset,alter_sprite,,Blocked,team-asset_scene,
bevy/examples/asset/asset_decompression.rs,asset,asset_decompression,,Blocked,team-asset_scene,
bevy/examples/asset/asset_loading.rs,asset,asset_loading,mgstudio-engine/examples/asset/asset_loading,Exact,team-asset_scene,
bevy/examples/asset/asset_saving.rs,asset,asset_saving,,Blocked,team-asset_scene,
bevy/examples/asset/asset_settings.rs,asset,asset_settings,,Blocked,team-asset_scene,
bevy/examples/asset/custom_asset.rs,asset,custom_asset,,Blocked,team-asset_scene,
bevy/examples/asset/custom_asset_reader.rs,asset,custom_asset_reader,,Blocked,team-asset_scene,
bevy/examples/asset/embedded_asset.rs,asset,embedded_asset,,Blocked,team-asset_scene,
bevy/examples/asset/extra_source.rs,asset,extra_source,,Blocked,team-asset_scene,
bevy/examples/asset/hot_asset_reloading.rs,asset,hot_asset_reloading,,Blocked,team-asset_scene,
bevy/examples/asset/multi_asset_sync.rs,asset,multi_asset_sync,,Blocked,team-asset_scene,
bevy/examples/asset/processing/asset_processing.rs,asset,asset_processing,,Blocked,team-asset_scene,
bevy/examples/asset/repeated_texture.rs,asset,repeated_texture,mgstudio-engine/examples/asset/repeated_texture,Exact,team-asset_scene,
bevy/examples/asset/web_asset.rs,asset,web_asset,,Blocked,team-asset_scene,
bevy/examples/async_tasks/async_channel_pattern.rs,async_tasks,async_channel_pattern,,Blocked,team-core,
bevy/examples/async_tasks/async_compute.rs,async_tasks,async_compute,,Blocked,team-core,
bevy/examples/async_tasks/external_source_external_thread.rs,async_tasks,external_source_external_thread,,Blocked,team-core,
bevy/examples/audio/audio.rs,audio,audio,mgstudio-engine/examples/audio/audio,Exact,team-ops,
bevy/examples/audio/audio_control.rs,audio,audio_control,mgstudio-engine/examples/audio/audio_control,Exact,team-ops,
bevy/examples/audio/decodable.rs,audio,decodable,,Blocked,team-ops,
bevy/examples/audio/pitch.rs,audio,pitch,,Blocked,team-ops,
bevy/examples/audio/soundtrack.rs,audio,soundtrack,mgstudio-engine/examples/audio/soundtrack,Exact,team-ops,
bevy/examples/audio/spatial_audio_2d.rs,audio,spatial_audio_2d,mgstudio-engine/examples/audio/spatial_audio_2d,Exact,team-ops,
bevy/examples/audio/spatial_audio_3d.rs,audio,spatial_audio_3d,mgstudio-engine/examples/audio/spatial_audio_3d,Exact,team-ops,
bevy/examples/camera/2d_on_ui.rs,camera,2d_on_ui,mgstudio-engine/examples/camera/2d_on_ui,Exact,team-render,
bevy/examples/camera/2d_screen_shake.rs,camera,2d_screen_shake,mgstudio-engine/examples/camera/2d_screen_shake,Exact,team-render,
bevy/examples/camera/2d_top_down_camera.rs,camera,2d_top_down_camera,mgstudio-engine/examples/camera/2d_top_down_camera,Exact,team-render,
bevy/examples/camera/camera_orbit.rs,camera,camera_orbit,mgstudio-engine/examples/camera/camera_orbit,Exact,team-render,
bevy/examples/camera/custom_projection.rs,camera,custom_projection,,Blocked,team-render,
bevy/examples/camera/first_person_view_model.rs,camera,first_person_view_model,mgstudio-engine/examples/camera/first_person_view_model,Exact,team-render,
bevy/examples/camera/free_camera_controller.rs,camera,free_camera_controller,mgstudio-engine/examples/camera/free_camera_controller,Exact,team-render,
bevy/examples/camera/pan_camera_controller.rs,camera,pan_camera_controller,mgstudio-engine/examples/camera/pan_camera_controller,Exact,team-render,
bevy/examples/camera/projection_zoom.rs,camera,projection_zoom,mgstudio-engine/examples/camera/projection_zoom,Exact,team-render,
bevy/examples/dev_tools/fps_overlay.rs,dev_tools,fps_overlay,mgstudio-engine/examples/dev_tools/fps_overlay,Exact,team-ops,
bevy/examples/diagnostics/custom_diagnostic.rs,diagnostics,custom_diagnostic,mgstudio-engine/examples/diagnostics/custom_diagnostic,Exact,team-ops,
bevy/examples/diagnostics/enabling_disabling_diagnostic.rs,diagnostics,enabling_disabling_diagnostic,mgstudio-engine/examples/diagnostics/enabling_disabling_diagnostic,Exact,team-ops,
bevy/examples/diagnostics/log_diagnostics.rs,diagnostics,log_diagnostics,,Blocked,team-ops,
bevy/examples/ecs/change_detection.rs,ecs,change_detection,,Blocked,team-core,
bevy/examples/ecs/component_hooks.rs,ecs,component_hooks,,Blocked,team-core,
bevy/examples/ecs/contiguous_query.rs,ecs,contiguous_query,,Blocked,team-core,
bevy/examples/ecs/custom_query_param.rs,ecs,custom_query_param,,Blocked,team-core,
bevy/examples/ecs/custom_schedule.rs,ecs,custom_schedule,mgstudio-engine/examples/ecs/custom_schedule,Exact,team-core,
bevy/examples/ecs/dynamic.rs,ecs,dynamic,,Blocked,team-core,
bevy/examples/ecs/ecs_guide.rs,ecs,ecs_guide,,Blocked,team-core,
bevy/examples/ecs/entity_disabling.rs,ecs,entity_disabling,,Blocked,team-core,
bevy/examples/ecs/error_handling.rs,ecs,error_handling,,Blocked,team-core,
bevy/examples/ecs/fallible_params.rs,ecs,fallible_params,,Blocked,team-core,
bevy/examples/ecs/fixed_timestep.rs,ecs,fixed_timestep,mgstudio-engine/examples/ecs/fixed_timestep,Exact,team-core,
bevy/examples/ecs/generic_system.rs,ecs,generic_system,,Blocked,team-core,
bevy/examples/ecs/hierarchy.rs,ecs,hierarchy,,Blocked,team-core,
bevy/examples/ecs/hotpatching_systems.rs,ecs,hotpatching_systems,,Blocked,team-core,
bevy/examples/ecs/immutable_components.rs,ecs,immutable_components,,Blocked,team-core,
bevy/examples/ecs/iter_combinations.rs,ecs,iter_combinations,,Blocked,team-core,
bevy/examples/ecs/message.rs,ecs,message,mgstudio-engine/examples/ecs/message,Exact,team-core,
bevy/examples/ecs/nondeterministic_system_order.rs,ecs,nondeterministic_system_order,,Blocked,team-core,
bevy/examples/ecs/observer_propagation.rs,ecs,observer_propagation,,Blocked,team-core,
bevy/examples/ecs/observers.rs,ecs,observers,,Blocked,team-core,
bevy/examples/ecs/one_shot_systems.rs,ecs,one_shot_systems,,Blocked,team-core,
bevy/examples/ecs/parallel_query.rs,ecs,parallel_query,,Blocked,team-core,
bevy/examples/ecs/relationships.rs,ecs,relationships,,Blocked,team-core,
bevy/examples/ecs/removal_detection.rs,ecs,removal_detection,,Blocked,team-core,
bevy/examples/ecs/run_conditions.rs,ecs,run_conditions,,Blocked,team-core,
bevy/examples/ecs/send_and_receive_messages.rs,ecs,send_and_receive_messages,mgstudio-engine/examples/ecs/send_and_receive_messages,Exact,team-core,
bevy/examples/ecs/startup_system.rs,ecs,startup_system,mgstudio-engine/examples/ecs/startup_system,Exact,team-core,
bevy/examples/ecs/state_scoped.rs,ecs,state_scoped,,Blocked,team-core,
bevy/examples/ecs/system_closure.rs,ecs,system_closure,,Blocked,team-core,
bevy/examples/ecs/system_param.rs,ecs,system_param,,Blocked,team-core,
bevy/examples/ecs/system_piping.rs,ecs,system_piping,,Blocked,team-core,
bevy/examples/ecs/system_stepping.rs,ecs,system_stepping,,Blocked,team-core,
bevy/examples/games/alien_cake_addict.rs,games,alien_cake_addict,,Blocked,team-render,
bevy/examples/games/breakout.rs,games,breakout,,Blocked,team-render,
bevy/examples/games/contributors.rs,games,contributors,,Blocked,team-render,
bevy/examples/games/desk_toy.rs,games,desk_toy,,Blocked,team-render,
bevy/examples/games/game_menu.rs,games,game_menu,,Blocked,team-render,
bevy/examples/games/loading_screen.rs,games,loading_screen,,Blocked,team-render,
bevy/examples/games/stepping.rs,games,stepping,,Blocked,team-render,
bevy/examples/gizmos/2d_gizmos.rs,gizmos,2d_gizmos,,Blocked,team-render,
bevy/examples/gizmos/2d_text_gizmos.rs,gizmos,2d_text_gizmos,,Blocked,team-render,
bevy/examples/gizmos/3d_gizmos.rs,gizmos,3d_gizmos,,Blocked,team-render,
bevy/examples/gizmos/3d_text_gizmos.rs,gizmos,3d_text_gizmos,,Blocked,team-render,
bevy/examples/gizmos/anchored_text_gizmos.rs,gizmos,anchored_text_gizmos,,Blocked,team-render,
bevy/examples/gizmos/axes.rs,gizmos,axes,,Blocked,team-render,
bevy/examples/gizmos/light_gizmos.rs,gizmos,light_gizmos,,Blocked,team-render,
bevy/examples/gizmos/text_gizmos_font.rs,gizmos,text_gizmos_font,,Blocked,team-render,
bevy/examples/gltf/custom_gltf_vertex_attribute.rs,gltf,custom_gltf_vertex_attribute,,Blocked,team-asset_scene,
bevy/examples/gltf/edit_material_on_gltf.rs,gltf,edit_material_on_gltf,,Blocked,team-asset_scene,
bevy/examples/gltf/gltf_extension_animation_graph.rs,gltf,gltf_extension_animation_graph,,Blocked,team-asset_scene,
bevy/examples/gltf/gltf_extension_mesh_2d.rs,gltf,gltf_extension_mesh_2d,,Blocked,team-asset_scene,
bevy/examples/gltf/gltf_skinned_mesh.rs,gltf,gltf_skinned_mesh,,Blocked,team-asset_scene,
bevy/examples/gltf/load_gltf.rs,gltf,load_gltf,,Blocked,team-asset_scene,
bevy/examples/gltf/load_gltf_extras.rs,gltf,load_gltf_extras,,Blocked,team-asset_scene,
bevy/examples/gltf/query_gltf_primitives.rs,gltf,query_gltf_primitives,,Blocked,team-asset_scene,
bevy/examples/gltf/update_gltf_scene.rs,gltf,update_gltf_scene,,Blocked,team-asset_scene,
bevy/examples/hello_world.rs,hello_world.rs,hello_world,,Blocked,team-parity,
bevy/examples/helpers/widgets.rs,helpers,widgets,,Blocked,team-ops,
bevy/examples/input/char_input_events.rs,input,char_input_events,mgstudio-engine/examples/input/char_input_events,Exact,team-input_window,
bevy/examples/input/gamepad_input.rs,input,gamepad_input,mgstudio-engine/examples/input/gamepad_input,Exact,team-input_window,
bevy/examples/input/gamepad_input_events.rs,input,gamepad_input_events,mgstudio-engine/examples/input/gamepad_input_events,Exact,team-input_window,
bevy/examples/input/gamepad_rumble.rs,input,gamepad_rumble,mgstudio-engine/examples/input/gamepad_rumble,Exact,team-input_window,
bevy/examples/input/keyboard_input.rs,input,keyboard_input,mgstudio-engine/examples/input/keyboard_input,Exact,team-input_window,
bevy/examples/input/keyboard_input_events.rs,input,keyboard_input_events,mgstudio-engine/examples/input/keyboard_input_events,Exact,team-input_window,
bevy/examples/input/keyboard_modifiers.rs,input,keyboard_modifiers,mgstudio-engine/examples/input/keyboard_modifiers,Exact,team-input_window,
bevy/examples/input/mouse_grab.rs,input,mouse_grab,mgstudio-engine/examples/input/mouse_grab,Blocked,team-input_window,Fallback implementation exists; blocked until exact parity.
bevy/examples/input/mouse_input.rs,input,mouse_input,mgstudio-engine/examples/input/mouse_input,Exact,team-input_window,
bevy/examples/input/mouse_input_events.rs,input,mouse_input_events,mgstudio-engine/examples/input/mouse_input_events,Exact,team-input_window,
bevy/examples/input/text_input.rs,input,text_input,mgstudio-engine/examples/input/text_input,Blocked,team-input_window,Fallback implementation exists; blocked until exact parity.
bevy/examples/input/touch_input.rs,input,touch_input,mgstudio-engine/examples/input/touch_input,Blocked,team-input_window,Fallback implementation exists; blocked until exact parity.
bevy/examples/input/touch_input_events.rs,input,touch_input_events,mgstudio-engine/examples/input/touch_input_events,Blocked,team-input_window,Fallback implementation exists; blocked until exact parity.
bevy/examples/large_scenes/bistro/src/main.rs,large_scenes,main,,Blocked,team-render,
bevy/examples/large_scenes/caldera_hotel/src/main.rs,large_scenes,main,,Blocked,team-render,
bevy/examples/large_scenes/mipmap_generator/examples/load_gltf.rs,large_scenes,load_gltf,,Blocked,team-render,
bevy/examples/large_scenes/mipmap_generator/examples/test_compression.rs,large_scenes,test_compression,,Blocked,team-render,
bevy/examples/large_scenes/mipmap_generator/examples/test_image.rs,large_scenes,test_image,,Blocked,team-render,
bevy/examples/large_scenes/mipmap_generator/src/lib.rs,large_scenes,lib,,Blocked,team-render,
bevy/examples/math/bounding_2d.rs,math,bounding_2d,mgstudio-engine/examples/math/bounding_2d,Exact,team-core,
bevy/examples/math/cubic_splines.rs,math,cubic_splines,mgstudio-engine/examples/math/cubic_splines,Exact,team-core,
bevy/examples/math/custom_primitives.rs,math,custom_primitives,,Blocked,team-core,
bevy/examples/math/random_sampling.rs,math,random_sampling,,Blocked,team-core,
bevy/examples/math/render_primitives.rs,math,render_primitives,,Blocked,team-core,
bevy/examples/math/sampling_primitives.rs,math,sampling_primitives,,Blocked,team-core,
bevy/examples/mobile/src/lib.rs,mobile,lib,,N/A,team-platform_na,WASM-first policy: platform-incompatible category.
bevy/examples/mobile/src/main.rs,mobile,main,,N/A,team-platform_na,WASM-first policy: platform-incompatible category.
bevy/examples/movement/physics_in_fixed_timestep.rs,movement,physics_in_fixed_timestep,,Blocked,team-core,
bevy/examples/movement/smooth_follow.rs,movement,smooth_follow,,Blocked,team-core,
bevy/examples/no_std/library/src/lib.rs,no_std,lib,,N/A,team-platform_na,WASM-first policy: platform-incompatible category.
bevy/examples/picking/debug_picking.rs,picking,debug_picking,,Blocked,team-render,
bevy/examples/picking/dragdrop_picking.rs,picking,dragdrop_picking,,Blocked,team-render,
bevy/examples/picking/mesh_picking.rs,picking,mesh_picking,,Blocked,team-render,
bevy/examples/picking/simple_picking.rs,picking,simple_picking,,Blocked,team-render,
bevy/examples/picking/sprite_picking.rs,picking,sprite_picking,,Blocked,team-render,
bevy/examples/reflection/auto_register_static/src/bin/main.rs,reflection,main,,Blocked,team-ops,
bevy/examples/reflection/auto_register_static/src/lib.rs,reflection,lib,,Blocked,team-ops,
bevy/examples/reflection/custom_attributes.rs,reflection,custom_attributes,,Blocked,team-ops,
bevy/examples/reflection/dynamic_types.rs,reflection,dynamic_types,,Blocked,team-ops,
bevy/examples/reflection/function_reflection.rs,reflection,function_reflection,,Blocked,team-ops,
bevy/examples/reflection/generic_reflection.rs,reflection,generic_reflection,,Blocked,team-ops,
bevy/examples/reflection/reflection.rs,reflection,reflection,,Blocked,team-ops,
bevy/examples/reflection/reflection_types.rs,reflection,reflection_types,,Blocked,team-ops,
bevy/examples/reflection/serialization.rs,reflection,serialization,,Blocked,team-ops,
bevy/examples/reflection/type_data.rs,reflection,type_data,,Blocked,team-ops,
bevy/examples/remote/client.rs,remote,client,,Blocked,team-ops,
bevy/examples/remote/server.rs,remote,server,,Blocked,team-ops,
bevy/examples/scene/scene.rs,scene,scene,,Blocked,team-asset_scene,
bevy/examples/shader/animate_shader.rs,shader,animate_shader,,Blocked,team-render,
bevy/examples/shader/array_texture.rs,shader,array_texture,,Blocked,team-render,
bevy/examples/shader/automatic_instancing.rs,shader,automatic_instancing,,Blocked,team-render,
bevy/examples/shader/compute_shader_game_of_life.rs,shader,compute_shader_game_of_life,,Blocked,team-render,
bevy/examples/shader/extended_material.rs,shader,extended_material,,Blocked,team-render,
bevy/examples/shader/extended_material_bindless.rs,shader,extended_material_bindless,,Blocked,team-render,
bevy/examples/shader/fallback_image.rs,shader,fallback_image,,Blocked,team-render,
bevy/examples/shader/gpu_readback.rs,shader,gpu_readback,,Blocked,team-render,
bevy/examples/shader/shader_defs.rs,shader,shader_defs,,Blocked,team-render,
bevy/examples/shader/shader_material.rs,shader,shader_material,,Blocked,team-render,
bevy/examples/shader/shader_material_2d.rs,shader,shader_material_2d,,Blocked,team-render,
bevy/examples/shader/shader_material_bindless.rs,shader,shader_material_bindless,,Blocked,team-render,
bevy/examples/shader/shader_material_glsl.rs,shader,shader_material_glsl,,Blocked,team-render,
bevy/examples/shader/shader_material_screenspace_texture.rs,shader,shader_material_screenspace_texture,,Blocked,team-render,
bevy/examples/shader/shader_material_wesl.rs,shader,shader_material_wesl,,Blocked,team-render,
bevy/examples/shader/shader_prepass.rs,shader,shader_prepass,,Blocked,team-render,
bevy/examples/shader/storage_buffer.rs,shader,storage_buffer,,Blocked,team-render,
bevy/examples/shader_advanced/compute_mesh.rs,shader_advanced,compute_mesh,,Blocked,team-render,
bevy/examples/shader_advanced/custom_phase_item.rs,shader_advanced,custom_phase_item,,Blocked,team-render,
bevy/examples/shader_advanced/custom_post_processing.rs,shader_advanced,custom_post_processing,,Blocked,team-render,
bevy/examples/shader_advanced/custom_render_phase.rs,shader_advanced,custom_render_phase,,Blocked,team-render,
bevy/examples/shader_advanced/custom_shader_instancing.rs,shader_advanced,custom_shader_instancing,,Blocked,team-render,
bevy/examples/shader_advanced/custom_vertex_attribute.rs,shader_advanced,custom_vertex_attribute,,Blocked,team-render,
bevy/examples/shader_advanced/fullscreen_material.rs,shader_advanced,fullscreen_material,,Blocked,team-render,
bevy/examples/shader_advanced/manual_material.rs,shader_advanced,manual_material,,Blocked,team-render,
bevy/examples/shader_advanced/render_depth_to_texture.rs,shader_advanced,render_depth_to_texture,,Blocked,team-render,
bevy/examples/shader_advanced/specialized_mesh_pipeline.rs,shader_advanced,specialized_mesh_pipeline,,Blocked,team-render,
bevy/examples/shader_advanced/texture_binding_array.rs,shader_advanced,texture_binding_array,,Blocked,team-render,
bevy/examples/state/computed_states.rs,state,computed_states,,Blocked,team-core,
bevy/examples/state/custom_transitions.rs,state,custom_transitions,,Blocked,team-core,
bevy/examples/state/states.rs,state,states,,Blocked,team-core,
bevy/examples/state/sub_states.rs,state,sub_states,,Blocked,team-core,
bevy/examples/stress_tests/bevymark.rs,stress_tests,bevymark,,Blocked,team-render,
bevy/examples/stress_tests/bevymark_3d.rs,stress_tests,bevymark_3d,,Blocked,team-render,
bevy/examples/stress_tests/many_animated_sprite_meshes.rs,stress_tests,many_animated_sprite_meshes,,Blocked,team-render,
bevy/examples/stress_tests/many_animated_sprites.rs,stress_tests,many_animated_sprites,,Blocked,team-render,
bevy/examples/stress_tests/many_buttons.rs,stress_tests,many_buttons,,Blocked,team-render,
bevy/examples/stress_tests/many_cameras_lights.rs,stress_tests,many_cameras_lights,,Blocked,team-render,
bevy/examples/stress_tests/many_components.rs,stress_tests,many_components,,Blocked,team-render,
bevy/examples/stress_tests/many_cubes.rs,stress_tests,many_cubes,,Blocked,team-render,
bevy/examples/stress_tests/many_foxes.rs,stress_tests,many_foxes,,Blocked,team-render,
bevy/examples/stress_tests/many_gizmos.rs,stress_tests,many_gizmos,,Blocked,team-render,
bevy/examples/stress_tests/many_glyphs.rs,stress_tests,many_glyphs,,Blocked,team-render,
bevy/examples/stress_tests/many_gradients.rs,stress_tests,many_gradients,,Blocked,team-render,
bevy/examples/stress_tests/many_lights.rs,stress_tests,many_lights,,Blocked,team-render,
bevy/examples/stress_tests/many_materials.rs,stress_tests,many_materials,,Blocked,team-render,
bevy/examples/stress_tests/many_sprite_meshes.rs,stress_tests,many_sprite_meshes,,Blocked,team-render,
bevy/examples/stress_tests/many_sprites.rs,stress_tests,many_sprites,,Blocked,team-render,
bevy/examples/stress_tests/many_text2d.rs,stress_tests,many_text2d,,Blocked,team-render,
bevy/examples/stress_tests/text_pipeline.rs,stress_tests,text_pipeline,,Blocked,team-render,
bevy/examples/stress_tests/transform_hierarchy.rs,stress_tests,transform_hierarchy,,Blocked,team-render,
bevy/examples/testbed/2d.rs,testbed,2d,,Blocked,team-render,
bevy/examples/testbed/3d.rs,testbed,3d,,Blocked,team-render,
bevy/examples/testbed/full_ui.rs,testbed,full_ui,,Blocked,team-render,
bevy/examples/testbed/helpers.rs,testbed,helpers,,Blocked,team-render,
bevy/examples/testbed/ui.rs,testbed,ui,,Blocked,team-render,
bevy/examples/time/time.rs,time,time,mgstudio-engine/examples/time/time,Exact,team-core,
bevy/examples/time/timers.rs,time,timers,mgstudio-engine/examples/time/timers,Exact,team-core,
bevy/examples/time/virtual_time.rs,time,virtual_time,mgstudio-engine/examples/time/virtual_time,Exact,team-core,
bevy/examples/tools/gamepad_viewer.rs,tools,gamepad_viewer,,Blocked,team-ops,
bevy/examples/tools/scene_viewer/animation_plugin.rs,tools,animation_plugin,,Blocked,team-ops,
bevy/examples/tools/scene_viewer/main.rs,tools,main,,Blocked,team-ops,
bevy/examples/tools/scene_viewer/morph_viewer_plugin.rs,tools,morph_viewer_plugin,,Blocked,team-ops,
bevy/examples/tools/scene_viewer/scene_viewer_plugin.rs,tools,scene_viewer_plugin,,Blocked,team-ops,
bevy/examples/transforms/3d_rotation.rs,transforms,3d_rotation,mgstudio-engine/examples/transforms/3d_rotation,Exact,team-core,
bevy/examples/transforms/align.rs,transforms,align,,Blocked,team-core,
bevy/examples/transforms/scale.rs,transforms,scale,mgstudio-engine/examples/transforms/scale,Exact,team-core,
bevy/examples/transforms/transform.rs,transforms,transform,mgstudio-engine/examples/transforms/transform,Exact,team-core,
bevy/examples/transforms/translation.rs,transforms,translation,mgstudio-engine/examples/transforms/translation,Exact,team-core,
bevy/examples/ui/images/image_node.rs,ui,image_node,,Blocked,team-ui_text,
bevy/examples/ui/images/image_node_resizing.rs,ui,image_node_resizing,,Blocked,team-ui_text,
bevy/examples/ui/images/ui_texture_atlas.rs,ui,ui_texture_atlas,,Blocked,team-ui_text,
bevy/examples/ui/images/ui_texture_atlas_slice.rs,ui,ui_texture_atlas_slice,,Blocked,team-ui_text,
bevy/examples/ui/images/ui_texture_slice.rs,ui,ui_texture_slice,,Blocked,team-ui_text,
bevy/examples/ui/images/ui_texture_slice_flip_and_tile.rs,ui,ui_texture_slice_flip_and_tile,,Blocked,team-ui_text,
bevy/examples/ui/layout/anchor_layout.rs,ui,anchor_layout,,Blocked,team-ui_text,
bevy/examples/ui/layout/display_and_visibility.rs,ui,display_and_visibility,,Blocked,team-ui_text,
bevy/examples/ui/layout/flex_layout.rs,ui,flex_layout,,Blocked,team-ui_text,
bevy/examples/ui/layout/ghost_nodes.rs,ui,ghost_nodes,,Blocked,team-ui_text,
bevy/examples/ui/layout/grid.rs,ui,grid,,Blocked,team-ui_text,
bevy/examples/ui/layout/size_constraints.rs,ui,size_constraints,,Blocked,team-ui_text,
bevy/examples/ui/layout/z_index.rs,ui,z_index,,Blocked,team-ui_text,
bevy/examples/ui/navigation/directional_navigation.rs,ui,directional_navigation,,Blocked,team-ui_text,
bevy/examples/ui/navigation/directional_navigation_overrides.rs,ui,directional_navigation_overrides,,Blocked,team-ui_text,
bevy/examples/ui/relative_cursor_position.rs,ui,relative_cursor_position,,Blocked,team-ui_text,
bevy/examples/ui/render_ui_to_texture.rs,ui,render_ui_to_texture,,Blocked,team-ui_text,
bevy/examples/ui/scroll_and_overflow/drag_to_scroll.rs,ui,drag_to_scroll,,Blocked,team-ui_text,
bevy/examples/ui/scroll_and_overflow/overflow.rs,ui,overflow,,Blocked,team-ui_text,
bevy/examples/ui/scroll_and_overflow/overflow_clip_margin.rs,ui,overflow_clip_margin,,Blocked,team-ui_text,
bevy/examples/ui/scroll_and_overflow/overflow_debug.rs,ui,overflow_debug,,Blocked,team-ui_text,
bevy/examples/ui/scroll_and_overflow/scroll.rs,ui,scroll,,Blocked,team-ui_text,
bevy/examples/ui/scroll_and_overflow/scrollbars.rs,ui,scrollbars,,Blocked,team-ui_text,
bevy/examples/ui/styling/borders.rs,ui,borders,,Blocked,team-ui_text,
bevy/examples/ui/styling/box_shadow.rs,ui,box_shadow,,Blocked,team-ui_text,
bevy/examples/ui/styling/gradients.rs,ui,gradients,,Blocked,team-ui_text,
bevy/examples/ui/styling/stacked_gradients.rs,ui,stacked_gradients,,Blocked,team-ui_text,
bevy/examples/ui/styling/transparency_ui.rs,ui,transparency_ui,,Blocked,team-ui_text,
bevy/examples/ui/text/font_atlas_debug.rs,ui,font_atlas_debug,,Blocked,team-ui_text,
bevy/examples/ui/text/font_query.rs,ui,font_query,,Blocked,team-ui_text,
bevy/examples/ui/text/font_weights.rs,ui,font_weights,,Blocked,team-ui_text,
bevy/examples/ui/text/generic_font_families.rs,ui,generic_font_families,,Blocked,team-ui_text,
bevy/examples/ui/text/strikethrough_and_underline.rs,ui,strikethrough_and_underline,,Blocked,team-ui_text,
bevy/examples/ui/text/system_fonts.rs,ui,system_fonts,,Blocked,team-ui_text,
bevy/examples/ui/text/text.rs,ui,text,,Blocked,team-ui_text,
bevy/examples/ui/text/text_background_colors.rs,ui,text_background_colors,,Blocked,team-ui_text,
bevy/examples/ui/text/text_debug.rs,ui,text_debug,,Blocked,team-ui_text,
bevy/examples/ui/text/text_wrap_debug.rs,ui,text_wrap_debug,,Blocked,team-ui_text,
bevy/examples/ui/ui_drag_and_drop.rs,ui,ui_drag_and_drop,,Blocked,team-ui_text,
bevy/examples/ui/ui_material.rs,ui,ui_material,,Blocked,team-ui_text,
bevy/examples/ui/ui_scaling.rs,ui,ui_scaling,,Blocked,team-ui_text,
bevy/examples/ui/ui_target_camera.rs,ui,ui_target_camera,,Blocked,team-ui_text,
bevy/examples/ui/ui_transform.rs,ui,ui_transform,,Blocked,team-ui_text,
bevy/examples/ui/widgets/button.rs,ui,button,mgstudio-engine/examples/ui/button,Exact,team-ui_text,
bevy/examples/ui/widgets/feathers.rs,ui,feathers,,Blocked,team-ui_text,
bevy/examples/ui/widgets/standard_widgets.rs,ui,standard_widgets,,Blocked,team-ui_text,
bevy/examples/ui/widgets/standard_widgets_observers.rs,ui,standard_widgets_observers,,Blocked,team-ui_text,
bevy/examples/ui/widgets/tab_navigation.rs,ui,tab_navigation,,Blocked,team-ui_text,
bevy/examples/ui/widgets/vertical_slider.rs,ui,vertical_slider,,Blocked,team-ui_text,
bevy/examples/ui/widgets/viewport_node.rs,ui,viewport_node,,Blocked,team-ui_text,
bevy/examples/ui/widgets/virtual_keyboard.rs,ui,virtual_keyboard,,Blocked,team-ui_text,
bevy/examples/ui/window_fallthrough.rs,ui,window_fallthrough,,Blocked,team-ui_text,
bevy/examples/usage/context_menu.rs,usage,context_menu,,Blocked,team-core,
bevy/examples/usage/cooldown.rs,usage,cooldown,,Blocked,team-core,
bevy/examples/window/clear_color.rs,window,clear_color,mgstudio-engine/examples/window/clear_color,Exact,team-input_window,
bevy/examples/window/custom_cursor_image.rs,window,custom_cursor_image,mgstudio-engine/examples/window/custom_cursor_image,Blocked,team-input_window,Fallback implementation exists; blocked until exact parity.
bevy/examples/window/low_power.rs,window,low_power,mgstudio-engine/examples/window/low_power,Blocked,team-input_window,Fallback implementation exists; blocked until exact parity.
bevy/examples/window/monitor_info.rs,window,monitor_info,mgstudio-engine/examples/window/monitor_info,Blocked,team-input_window,Fallback implementation exists; blocked until exact parity.
bevy/examples/window/multi_window_text.rs,window,multi_window_text,,Blocked,team-input_window,
bevy/examples/window/multiple_windows.rs,window,multiple_windows,,Blocked,team-input_window,
bevy/examples/window/scale_factor_override.rs,window,scale_factor_override,mgstudio-engine/examples/window/scale_factor_override,Exact,team-input_window,
bevy/examples/window/screenshot.rs,window,screenshot,mgstudio-engine/examples/window/screenshot,Blocked,team-input_window,Fallback implementation exists; blocked until exact parity.
bevy/examples/window/transparent_window.rs,window,transparent_window,mgstudio-engine/examples/window/transparent_window,Blocked,team-input_window,Fallback implementation exists; blocked until exact parity.
bevy/examples/window/window_drag_move.rs,window,window_drag_move,mgstudio-engine/examples/window/window_drag_move,Blocked,team-input_window,Fallback implementation exists; blocked until exact parity.
bevy/examples/window/window_resizing.rs,window,window_resizing,mgstudio-engine/examples/window/window_resizing,Exact,team-input_window,
bevy/examples/window/window_settings.rs,window,window_settings,mgstudio-engine/examples/window/window_settings,Blocked,team-input_window,Fallback implementation exists; blocked until exact parity.
